"","Control","Asthma"
"CD44",0.0927682455489794,0.0927682455489793
"KCNJ16",0.0791775862527036,0.0791775862527037
"TFF3",0.0722223676943919,0.0722223676943918
"CSTA",0.0549269138413009,0.0549269138413009
"C3",0.0323313964092767,0.0323313964092767
"CYP24A1",0.0277865851792765,0.0277865851792765
"SCGB1A1",0.0017564620252425,0.00175646202524266
"CCL26",0.0017564620252425,0.00175646202524265
