"","acc","auc","npv","ppv","sensitivity","specificity","bbrier"
"rf_train",0.978354978354978,0.998270416604001,0.979508196721312,0.977064220183486,0.977064220183486,0.979508196721312,0.0566955802072024
"rf_test",0.714285714285714,0.823291139240506,0.666666666666667,0.786885245901639,0.607594936708861,0.826666666666667,0.169468526777644
"logis_train",0.751082251082251,0.806888253872763,0.752941176470588,0.748792270531401,0.711009174311927,0.786885245901639,0.177043417156478
"logis_test",0.688311688311688,0.785654008438818,0.670886075949367,0.706666666666667,0.670886075949367,0.706666666666667,0.18747779702803
"dtree_train",0.794372294372294,0.810140622650023,0.750841750841751,0.872727272727273,0.660550458715596,0.913934426229508,0.154820339460016
"dtree_test",0.720779220779221,0.732658227848101,0.663265306122449,0.821428571428571,0.582278481012658,0.866666666666667,0.195755914093803
"knn_train",0.911255411255411,0.975015039855617,0.901185770750988,0.923444976076555,0.885321100917431,0.934426229508197,0.0781306643379115
"knn_test",0.720779220779221,0.793586497890295,0.686046511627907,0.764705882352941,0.658227848101266,0.786666666666667,0.196133403825843
